auteur,ceci est un exemple content
auteur,ceci est un exemple content
auteur,ceci est un exemple content
auteur,ceci est un exemple content
[31mcheikh[0m,[32mvalentin c'est pimp my ride [0m
auteur,ceci est un exemple content
[31mcheikh[0m,[32mlooool[0m
auteur,ceci est un exemple content
bhhhhh,loiukdtryjftgyuftyj
auteur,ceci est un exemple content
dbuzfuyez,bhazjbdjazbdazi
auteur,ceci est un exemple content
llzllzz,qdjqiqodjqio
auteur,ceci est un exemple content
gdsdgs,dsgsgds
auteur,ceci est un exemple content
dzde,fezzefz
auteur,ceci est un exemple content
auteur,ceci est un exemple content
auteur,ceci est un exemple content
fzefze,fezezfzef
auteur,ceci est un exemple content
auteur,ceci est un exemple content
auteur,ceci est un exemple content
auteur,ceci est un exemple content
auteur,ceci est un exemple content
auteur,ceci est un exemple content
auteur,ceci est un exemple content
auteur,ceci est un exemple content
auteur,ceci est un exemple content
